{"cameraMode":{"drawMode":0,"name":"Shaded","section":"Shading Mode"},"sceneLighting":true,"audioPlay":false,"sceneViewState":{"showFog":true,"showMaterialUpdate":false,"showSkybox":true,"showFlares":true,"showImageEffects":true,"showParticleSystems":true},"in2DMode":false,"pivot":{"x":-5.42181396484375,"y":-10.346504211425782,"z":98.98003387451172},"rotation":{"x":-0.15664494037628175,"y":-0.24263373017311097,"z":0.03972070664167404,"w":-0.9565820693969727},"size":325.39111328125,"orthographic":false}